DS90LV012ATMF/NOPBCT-ND,1
MAX6220ASA-2.5+-ND,1
718-1038-1-ND,2
1727-6656-1-ND,5
1727-2063-1-ND,5
1727-6472-ND,5
490-4516-1-ND,10
1276-1927-1-ND,10
1276-6524-1-ND,10
399-8004-1-ND,10
MMSZ5226BS-FDICT-ND,10
MMSZ5235B-FDICT-ND,10
S2012EC-40-ND,10
311-1.0GRCT-ND,10
311-22.1HRCT-ND,10
311-49.9HRCT-ND,10
311-100HRCT-ND,10
311-200HRCT-ND,10
311-499HRCT-ND,10
311-825HRCT-ND,10
311-1.42kHRCT-ND,10
311-1.00kHRCT-ND,10
311-2.21kHRCT-ND,10
311-4.12kHRCT-ND,10
311-1.0ERCT-ND,10
311-10.0FRCT-ND,10
311-68.1FRCT-ND,10
311-474FRCT-ND,10
311-604FRCT-ND,10
311-649FRCT-ND,10
311-750FRCT-ND,10
311-866FRCT-ND,10
311-1.50KFRCT-ND,10
311-10.0KFRCT-ND,10
311-1.00KFRCT-ND,10
311-2.00KFRCT-ND,10
311-3.01KFRCT-ND,10
732-1623-1-ND,12
S1012EC-40-ND,15
27W-1-ND,16
39W-1-ND,16
311-0.0GRCT-ND,20
PCE4442CT-ND,25
399-1249-1-ND,25
1276-6767-1-ND,30
56W-1-ND,32
100W-5-ND,32
180W-5-ND,32
311-10.0kHRCT-ND,50
311-0.0ERCT-ND,50
1276-1000-1-ND,100
